document,document_id,field,final_status,internal_status,failure_stage,reason,value,baseline_state,formal_heading
01.Edital_credenciamento_01_2024.pdf,c8b8bc82a2ae07ac36dd8a047980f26a40d64132f5ffe4cb3dd8937cba292bb2,objeto,FOUND,FOUND,,Decisão preservada na baseline validated_current.,,CONSOLIDATED,
01.Edital_credenciamento_01_2024.pdf,c8b8bc82a2ae07ac36dd8a047980f26a40d64132f5ffe4cb3dd8937cba292bb2,modalidade,FOUND,FOUND,,Decisão preservada na baseline validated_current.,,CONSOLIDATED,
01.Edital_credenciamento_01_2024.pdf,c8b8bc82a2ae07ac36dd8a047980f26a40d64132f5ffe4cb3dd8937cba292bb2,valor_estimado,FOUND,FOUND,,Decisão preservada na baseline validated_current.,,CONSOLIDATED,
01.Edital_credenciamento_01_2024.pdf,c8b8bc82a2ae07ac36dd8a047980f26a40d64132f5ffe4cb3dd8937cba292bb2,prazo_entrega_proposta,FOUND,FOUND,,Novo candidato local validado nas três fontes de produção.,60 dias,NOT_FOUND,
01.Edital_credenciamento_01_2024.pdf,c8b8bc82a2ae07ac36dd8a047980f26a40d64132f5ffe4cb3dd8937cba292bb2,orgao_responsavel,FOUND,FOUND,,Novo candidato local validado nas três fontes de produção.,MINISTÉRIO DA DEFESA EXÉRCITO BRASILEIRO CMS - 3ª DE - 1ª BDA C MEC 2º REGIMENTO DE CAVALARIA MECANIZADO (6º Regimento de Cavalaria Ligeira / 1888) REGIMENTO JOÃO MANOEL,NOT_FOUND,
01.Edital_credenciamento_01_2024.pdf,c8b8bc82a2ae07ac36dd8a047980f26a40d64132f5ffe4cb3dd8937cba292bb2,uf,FOUND,FOUND,,Decisão preservada na baseline validated_current.,,CONSOLIDATED,
01.Edital_credenciamento_01_2024.pdf,c8b8bc82a2ae07ac36dd8a047980f26a40d64132f5ffe4cb3dd8937cba292bb2,criterio_julgamento,NOT_APPLICABLE,NOT_APPLICABLE,,Credenciamento sem competição não possui critério de julgamento de propostas aplicável.,,NOT_FOUND,
01.Edital_credenciamento_01_2024.pdf,c8b8bc82a2ae07ac36dd8a047980f26a40d64132f5ffe4cb3dd8937cba292bb2,prazo_execucao,FOUND,FOUND,,Decisão preservada na baseline validated_current.,,CONSOLIDATED,
01.Edital_credenciamento_01_2024.pdf,c8b8bc82a2ae07ac36dd8a047980f26a40d64132f5ffe4cb3dd8937cba292bb2,requisitos_habilitacao,FOUND,FOUND,,Decisão preservada na baseline validated_current.,,CONSOLIDATED,
02---Edital-Pregao-Eletronico.pdf,641991ceb6e660eca6788fa1f67f78ad3535fd2e51a3827e44dccf301f4a57c8,objeto,FOUND,FOUND,,Decisão preservada na baseline validated_current.,,CONSOLIDATED,
02---Edital-Pregao-Eletronico.pdf,641991ceb6e660eca6788fa1f67f78ad3535fd2e51a3827e44dccf301f4a57c8,modalidade,FOUND,FOUND,,Decisão preservada na baseline validated_current.,,CONSOLIDATED,
02---Edital-Pregao-Eletronico.pdf,641991ceb6e660eca6788fa1f67f78ad3535fd2e51a3827e44dccf301f4a57c8,valor_estimado,FOUND,FOUND,,Decisão preservada na baseline validated_current.,,CONSOLIDATED,
02---Edital-Pregao-Eletronico.pdf,641991ceb6e660eca6788fa1f67f78ad3535fd2e51a3827e44dccf301f4a57c8,prazo_entrega_proposta,FOUND,FOUND,,Decisão preservada na baseline validated_current.,,CONSOLIDATED,
02---Edital-Pregao-Eletronico.pdf,641991ceb6e660eca6788fa1f67f78ad3535fd2e51a3827e44dccf301f4a57c8,orgao_responsavel,FOUND,FOUND,,Decisão preservada na baseline validated_current.,,CONSOLIDATED,
02---Edital-Pregao-Eletronico.pdf,641991ceb6e660eca6788fa1f67f78ad3535fd2e51a3827e44dccf301f4a57c8,uf,FOUND,FOUND,,Decisão preservada na baseline validated_current.,,CONSOLIDATED,
02---Edital-Pregao-Eletronico.pdf,641991ceb6e660eca6788fa1f67f78ad3535fd2e51a3827e44dccf301f4a57c8,criterio_julgamento,FOUND,FOUND,,Decisão preservada na baseline validated_current.,,CONSOLIDATED,
02---Edital-Pregao-Eletronico.pdf,641991ceb6e660eca6788fa1f67f78ad3535fd2e51a3827e44dccf301f4a57c8,prazo_execucao,FOUND,FOUND,,Novo candidato local validado nas três fontes de produção.,"A execução ocorre sob demanda, conforme a necessidade e a Ordem de Serviço; não há prazo numérico único.",NOT_FOUND,
02---Edital-Pregao-Eletronico.pdf,641991ceb6e660eca6788fa1f67f78ad3535fd2e51a3827e44dccf301f4a57c8,requisitos_habilitacao,FOUND,FOUND,,Decisão preservada na baseline validated_current.,,CONSOLIDATED,
1123420260129-Termo_1.pdf,652462726db0b4bcfc0f0e2395180f981c8878dc14f7b2192ff3c9a1c8022194,objeto,FOUND,FOUND,,Decisão preservada na baseline validated_current.,,CONSOLIDATED,
1123420260129-Termo_1.pdf,652462726db0b4bcfc0f0e2395180f981c8878dc14f7b2192ff3c9a1c8022194,modalidade,FOUND,FOUND,,Decisão preservada na baseline validated_current.,,CONSOLIDATED,
1123420260129-Termo_1.pdf,652462726db0b4bcfc0f0e2395180f981c8878dc14f7b2192ff3c9a1c8022194,valor_estimado,CONTEXT_DEPENDENT,FIELD_VARIABLE_BY_ITEM,,Novo candidato local validado nas três fontes de produção.,"O documento não apresenta um único valor global; os valores variam por item, lote ou tabela.",NOT_FOUND,
1123420260129-Termo_1.pdf,652462726db0b4bcfc0f0e2395180f981c8878dc14f7b2192ff3c9a1c8022194,prazo_entrega_proposta,NOT_FOUND,ACTUALLY_ABSENT,,Nenhuma disposição do campo foi encontrada após varredura integral da camada textual.,,NOT_FOUND,
1123420260129-Termo_1.pdf,652462726db0b4bcfc0f0e2395180f981c8878dc14f7b2192ff3c9a1c8022194,orgao_responsavel,FOUND,FOUND,,Novo candidato local validado nas três fontes de produção.,GOVERNO DO ESTADO DA BAHIA UNIVERSIDADES DO ESTADO DA BAHIA - UNEB DEPARTAMENTO DE CIÊNCIAS HUMANAS - DCH IV/JACOBINA,NOT_FOUND,
1123420260129-Termo_1.pdf,652462726db0b4bcfc0f0e2395180f981c8878dc14f7b2192ff3c9a1c8022194,uf,FOUND,FOUND,,Decisão preservada na baseline validated_current.,,CONSOLIDATED,
1123420260129-Termo_1.pdf,652462726db0b4bcfc0f0e2395180f981c8878dc14f7b2192ff3c9a1c8022194,criterio_julgamento,NOT_FOUND,ACTUALLY_ABSENT,,Nenhuma disposição do campo foi encontrada após varredura integral da camada textual.,,NOT_FOUND,
1123420260129-Termo_1.pdf,652462726db0b4bcfc0f0e2395180f981c8878dc14f7b2192ff3c9a1c8022194,prazo_execucao,NOT_APPLICABLE,NOT_APPLICABLE,,"A aquisição possui prazo de entrega física, não prazo de execução; os conceitos foram mantidos separados.","O documento não estabelece prazo de execução. Como prazo distinto, prazo de entrega do objeto: 30 dias.",NOT_FOUND,
1123420260129-Termo_1.pdf,652462726db0b4bcfc0f0e2395180f981c8878dc14f7b2192ff3c9a1c8022194,requisitos_habilitacao,NOT_FOUND,ACTUALLY_ABSENT,,Nenhuma disposição do campo foi encontrada após varredura integral da camada textual.,,NOT_FOUND,
1626Manutencaodemotoreseletricos.pdf,fb72722fcc37cdd45f5c92417acbb3057965875cc9f7cd2d5f61f9ff2af4f932,objeto,FOUND,FOUND,,Decisão preservada na baseline validated_current.,,CONSOLIDATED,
1626Manutencaodemotoreseletricos.pdf,fb72722fcc37cdd45f5c92417acbb3057965875cc9f7cd2d5f61f9ff2af4f932,modalidade,FOUND,FOUND,,Decisão preservada na baseline validated_current.,,CONSOLIDATED,
1626Manutencaodemotoreseletricos.pdf,fb72722fcc37cdd45f5c92417acbb3057965875cc9f7cd2d5f61f9ff2af4f932,valor_estimado,FOUND,FOUND,,Decisão preservada na baseline validated_current.,,CONSOLIDATED,
1626Manutencaodemotoreseletricos.pdf,fb72722fcc37cdd45f5c92417acbb3057965875cc9f7cd2d5f61f9ff2af4f932,prazo_entrega_proposta,FOUND,FOUND,,Decisão preservada na baseline validated_current.,,CONSOLIDATED,
1626Manutencaodemotoreseletricos.pdf,fb72722fcc37cdd45f5c92417acbb3057965875cc9f7cd2d5f61f9ff2af4f932,orgao_responsavel,FOUND,FOUND,,Decisão preservada na baseline validated_current.,,CONSOLIDATED,
1626Manutencaodemotoreseletricos.pdf,fb72722fcc37cdd45f5c92417acbb3057965875cc9f7cd2d5f61f9ff2af4f932,uf,FOUND,FOUND,,Decisão preservada na baseline validated_current.,,CONSOLIDATED,
1626Manutencaodemotoreseletricos.pdf,fb72722fcc37cdd45f5c92417acbb3057965875cc9f7cd2d5f61f9ff2af4f932,criterio_julgamento,FOUND,FOUND,,Decisão preservada na baseline validated_current.,,CONSOLIDATED,
1626Manutencaodemotoreseletricos.pdf,fb72722fcc37cdd45f5c92417acbb3057965875cc9f7cd2d5f61f9ff2af4f932,prazo_execucao,FOUND,FOUND,,Decisão preservada na baseline validated_current.,,CONSOLIDATED,
1626Manutencaodemotoreseletricos.pdf,fb72722fcc37cdd45f5c92417acbb3057965875cc9f7cd2d5f61f9ff2af4f932,requisitos_habilitacao,FOUND,FOUND,,Decisão preservada na baseline validated_current.,,CONSOLIDATED,
34-26+-+Orientador+Social+e+servico+tecnico+assistencial+-+PE+29-26+-+Comprasgov+__-26.pdf,5a14bf03730e28a3da59e61a9604349f66e275b9240cc7b6b0a6e1d2a293cd67,objeto,FOUND,FOUND,,Decisão preservada na baseline validated_current.,,CONSOLIDATED,
34-26+-+Orientador+Social+e+servico+tecnico+assistencial+-+PE+29-26+-+Comprasgov+__-26.pdf,5a14bf03730e28a3da59e61a9604349f66e275b9240cc7b6b0a6e1d2a293cd67,modalidade,FOUND,FOUND,,Decisão preservada na baseline validated_current.,,CONSOLIDATED,
34-26+-+Orientador+Social+e+servico+tecnico+assistencial+-+PE+29-26+-+Comprasgov+__-26.pdf,5a14bf03730e28a3da59e61a9604349f66e275b9240cc7b6b0a6e1d2a293cd67,valor_estimado,FOUND,FOUND,,Novo candidato local validado nas três fontes de produção.,"Valor global estimado: R$ 137.400,00.",NOT_FOUND,DOS RECURSOS FINANCEIROS
34-26+-+Orientador+Social+e+servico+tecnico+assistencial+-+PE+29-26+-+Comprasgov+__-26.pdf,5a14bf03730e28a3da59e61a9604349f66e275b9240cc7b6b0a6e1d2a293cd67,prazo_entrega_proposta,FOUND,FOUND,,Decisão preservada na baseline validated_current.,,CONSOLIDATED,
34-26+-+Orientador+Social+e+servico+tecnico+assistencial+-+PE+29-26+-+Comprasgov+__-26.pdf,5a14bf03730e28a3da59e61a9604349f66e275b9240cc7b6b0a6e1d2a293cd67,orgao_responsavel,FOUND,FOUND,,Decisão preservada na baseline validated_current.,,CONSOLIDATED,
34-26+-+Orientador+Social+e+servico+tecnico+assistencial+-+PE+29-26+-+Comprasgov+__-26.pdf,5a14bf03730e28a3da59e61a9604349f66e275b9240cc7b6b0a6e1d2a293cd67,uf,FOUND,FOUND,,Decisão preservada na baseline validated_current.,,CONSOLIDATED,
34-26+-+Orientador+Social+e+servico+tecnico+assistencial+-+PE+29-26+-+Comprasgov+__-26.pdf,5a14bf03730e28a3da59e61a9604349f66e275b9240cc7b6b0a6e1d2a293cd67,criterio_julgamento,FOUND,FOUND,,Decisão preservada na baseline validated_current.,,CONSOLIDATED,
34-26+-+Orientador+Social+e+servico+tecnico+assistencial+-+PE+29-26+-+Comprasgov+__-26.pdf,5a14bf03730e28a3da59e61a9604349f66e275b9240cc7b6b0a6e1d2a293cd67,prazo_execucao,FOUND,FOUND,,Novo candidato local validado nas três fontes de produção.,Prazo de execução: 12 (doze) meses.,NOT_FOUND,DO REGIME DE EXECUCAO
34-26+-+Orientador+Social+e+servico+tecnico+assistencial+-+PE+29-26+-+Comprasgov+__-26.pdf,5a14bf03730e28a3da59e61a9604349f66e275b9240cc7b6b0a6e1d2a293cd67,requisitos_habilitacao,FOUND,FOUND,,Decisão preservada na baseline validated_current.,,CONSOLIDATED,
874745.pdf,be756c98d704edb6500682b686627775d89ca13b2f4b39c00663ab6e539c00bc,objeto,FOUND,FOUND,,Novo candidato local validado nas três fontes de produção.,"Objeto: Contratação de empresa especializada para executar obras de pavimentação do Trecho 1 da Estrada do 80 ao 100 da Leopoldina, zona rural de Monte Belo do Sul, com extensão de 1475m e com 9.587,50m².",NOT_FOUND,OBJETO
874745.pdf,be756c98d704edb6500682b686627775d89ca13b2f4b39c00663ab6e539c00bc,modalidade,FOUND,FOUND,,Novo candidato local validado nas três fontes de produção.,Modalidade: Concorrência Eletrônica.,NOT_FOUND,
874745.pdf,be756c98d704edb6500682b686627775d89ca13b2f4b39c00663ab6e539c00bc,valor_estimado,FOUND,FOUND,,Novo candidato local validado nas três fontes de produção.,"Valor de referência: R$ 2.268.550,51.",NOT_FOUND,
874745.pdf,be756c98d704edb6500682b686627775d89ca13b2f4b39c00663ab6e539c00bc,prazo_entrega_proposta,FOUND,FOUND,,Novo candidato local validado nas três fontes de produção.,60 dias,NOT_FOUND,
874745.pdf,be756c98d704edb6500682b686627775d89ca13b2f4b39c00663ab6e539c00bc,orgao_responsavel,FOUND,FOUND,,Decisão preservada na baseline validated_current.,,CONSOLIDATED,
874745.pdf,be756c98d704edb6500682b686627775d89ca13b2f4b39c00663ab6e539c00bc,uf,FOUND,FOUND,,Decisão preservada na baseline validated_current.,,CONSOLIDATED,
874745.pdf,be756c98d704edb6500682b686627775d89ca13b2f4b39c00663ab6e539c00bc,criterio_julgamento,FOUND,FOUND,,Decisão preservada na baseline validated_current.,,CONSOLIDATED,
874745.pdf,be756c98d704edb6500682b686627775d89ca13b2f4b39c00663ab6e539c00bc,prazo_execucao,FOUND,FOUND,,Novo candidato local validado nas três fontes de produção.,Prazo de execução: 150 (cento e cinquenta) dias.,NOT_FOUND,
874745.pdf,be756c98d704edb6500682b686627775d89ca13b2f4b39c00663ab6e539c00bc,requisitos_habilitacao,FOUND,FOUND,,Decisão preservada na baseline validated_current.,,CONSOLIDATED,
885062.pdf,550b0c3a661a14356fa9f478e8748ad7d34d2010d7283e78dec6da92bcd4ce91,objeto,FOUND,FOUND,,Decisão preservada na baseline validated_current.,,CONSOLIDATED,
885062.pdf,550b0c3a661a14356fa9f478e8748ad7d34d2010d7283e78dec6da92bcd4ce91,modalidade,FOUND,FOUND,,Decisão preservada na baseline validated_current.,,CONSOLIDATED,
885062.pdf,550b0c3a661a14356fa9f478e8748ad7d34d2010d7283e78dec6da92bcd4ce91,valor_estimado,FOUND,FOUND,,Novo candidato local validado nas três fontes de produção.,"Valor global estimado: R$ 7.979,52.",NOT_FOUND,DO PRECO
885062.pdf,550b0c3a661a14356fa9f478e8748ad7d34d2010d7283e78dec6da92bcd4ce91,prazo_entrega_proposta,NOT_FOUND,ACTUALLY_ABSENT,,Nenhuma disposição do campo foi encontrada após varredura integral da camada textual.,,NOT_FOUND,
885062.pdf,550b0c3a661a14356fa9f478e8748ad7d34d2010d7283e78dec6da92bcd4ce91,orgao_responsavel,FOUND,FOUND,,Decisão preservada na baseline validated_current.,,CONSOLIDATED,
885062.pdf,550b0c3a661a14356fa9f478e8748ad7d34d2010d7283e78dec6da92bcd4ce91,uf,FOUND,FOUND,,Decisão preservada na baseline validated_current.,,CONSOLIDATED,
885062.pdf,550b0c3a661a14356fa9f478e8748ad7d34d2010d7283e78dec6da92bcd4ce91,criterio_julgamento,FOUND,FOUND,,Decisão preservada na baseline validated_current.,,CONSOLIDATED,
885062.pdf,550b0c3a661a14356fa9f478e8748ad7d34d2010d7283e78dec6da92bcd4ce91,prazo_execucao,FOUND,FOUND,,Novo candidato local validado nas três fontes de produção.,"Prazo de execução: 12 (doze) meses, expressamente vinculado à vigência contratual.",NOT_FOUND,DO REGIME DE EXECUCAO
885062.pdf,550b0c3a661a14356fa9f478e8748ad7d34d2010d7283e78dec6da92bcd4ce91,requisitos_habilitacao,FOUND,FOUND,,Decisão preservada na baseline validated_current.,,CONSOLIDATED,
documento.pdf,6f3c1a66a3c2903f0ab613f40c60bee62e8ef0f16d01335235408d89a722a271,objeto,FOUND,FOUND,,Novo candidato local validado nas três fontes de produção.,"Objeto: o CREDENCIAMENTO para EMPRESAS ESPECIALIZADAS PARA CONTRATAÇÃO DE SERVIÇO DE ATENÇÃO ESPECIALIZADA EM ANGIOLOGIA: TRATAMENTO ESCLEROSANTE NÃO ESTÉTICO DE VARIZES DOS MEMBROS INFERIORES, PARA PACIENTES DE 0 A 130 ANOS, ASSISTIDOS PELA SECRETARIA MUNICIPAL DE SAÚDE DE CARINHANHA, NO ESTADO DA BAHIA, COM BASE NO TERMO DE REFERENCIA ANEXO A ESTE EDITAL para atender às necessidades da população do MUNICÍPIO DE CARINHANHA, conforme especificações e condições estabelecidas no ANEXO I TERMO DE REFERÊNCIA deste Edital.",NOT_FOUND,DO OBJETO
documento.pdf,6f3c1a66a3c2903f0ab613f40c60bee62e8ef0f16d01335235408d89a722a271,modalidade,FOUND,FOUND,,Decisão preservada na baseline validated_current.,,CONSOLIDATED,
documento.pdf,6f3c1a66a3c2903f0ab613f40c60bee62e8ef0f16d01335235408d89a722a271,valor_estimado,CONTEXT_DEPENDENT,FIELD_VARIABLE_BY_ITEM,,Novo candidato local validado nas três fontes de produção.,"O documento não apresenta um único valor global; os valores variam por item, lote ou tabela.",NOT_FOUND,
documento.pdf,6f3c1a66a3c2903f0ab613f40c60bee62e8ef0f16d01335235408d89a722a271,prazo_entrega_proposta,NOT_FOUND,ACTUALLY_ABSENT,,Nenhuma disposição do campo foi encontrada após varredura integral da camada textual.,,NOT_FOUND,
documento.pdf,6f3c1a66a3c2903f0ab613f40c60bee62e8ef0f16d01335235408d89a722a271,orgao_responsavel,FOUND,FOUND,,Decisão preservada na baseline validated_current.,,CONSOLIDATED,
documento.pdf,6f3c1a66a3c2903f0ab613f40c60bee62e8ef0f16d01335235408d89a722a271,uf,FOUND,FOUND,,Decisão preservada na baseline validated_current.,,CONSOLIDATED,
documento.pdf,6f3c1a66a3c2903f0ab613f40c60bee62e8ef0f16d01335235408d89a722a271,criterio_julgamento,NOT_APPLICABLE,NOT_APPLICABLE,,Credenciamento sem competição não possui critério de julgamento de propostas aplicável.,,NOT_FOUND,
documento.pdf,6f3c1a66a3c2903f0ab613f40c60bee62e8ef0f16d01335235408d89a722a271,prazo_execucao,NOT_APPLICABLE,NOT_APPLICABLE,,O credenciamento não estabelece prazo único de execução após a varredura integral.,,NOT_FOUND,DA EXECUCAO
documento.pdf,6f3c1a66a3c2903f0ab613f40c60bee62e8ef0f16d01335235408d89a722a271,requisitos_habilitacao,FOUND,FOUND,,Decisão preservada na baseline validated_current.,,CONSOLIDATED,
Edital+102150-+149+-+2026+assinado.pdf,d2636fbcd5bbebd1e69af46c5a4206fb1c5202c51f2aa3d07ec3c0226248b5a9,objeto,FOUND,FOUND,,Novo candidato local validado nas três fontes de produção.,"Objeto: fornecimento de CONECTOR VALVULADO SEM AGULHA, conforme condições, quantidades e exigências estabelecidas neste Edital e seus anexos.",NOT_FOUND,DO OBJETO
Edital+102150-+149+-+2026+assinado.pdf,d2636fbcd5bbebd1e69af46c5a4206fb1c5202c51f2aa3d07ec3c0226248b5a9,modalidade,FOUND,FOUND,,Decisão preservada na baseline validated_current.,,CONSOLIDATED,
Edital+102150-+149+-+2026+assinado.pdf,d2636fbcd5bbebd1e69af46c5a4206fb1c5202c51f2aa3d07ec3c0226248b5a9,valor_estimado,FOUND,FIELD_CONFIDENTIAL,,Novo candidato local validado nas três fontes de produção.,Valor estimado sigiloso.,NOT_FOUND,
Edital+102150-+149+-+2026+assinado.pdf,d2636fbcd5bbebd1e69af46c5a4206fb1c5202c51f2aa3d07ec3c0226248b5a9,prazo_entrega_proposta,FOUND,FOUND,,Decisão preservada na baseline validated_current.,,CONSOLIDATED,
Edital+102150-+149+-+2026+assinado.pdf,d2636fbcd5bbebd1e69af46c5a4206fb1c5202c51f2aa3d07ec3c0226248b5a9,orgao_responsavel,FOUND,FOUND,,Novo candidato local validado nas três fontes de produção.,102150 – HOSPITAL UNIVERSITÁRIO DA USP,NOT_FOUND,
Edital+102150-+149+-+2026+assinado.pdf,d2636fbcd5bbebd1e69af46c5a4206fb1c5202c51f2aa3d07ec3c0226248b5a9,uf,FOUND,FOUND,,Decisão preservada na baseline validated_current.,,CONSOLIDATED,
Edital+102150-+149+-+2026+assinado.pdf,d2636fbcd5bbebd1e69af46c5a4206fb1c5202c51f2aa3d07ec3c0226248b5a9,criterio_julgamento,FOUND,FOUND,,Decisão preservada na baseline validated_current.,,CONSOLIDATED,
Edital+102150-+149+-+2026+assinado.pdf,d2636fbcd5bbebd1e69af46c5a4206fb1c5202c51f2aa3d07ec3c0226248b5a9,prazo_execucao,NOT_APPLICABLE,NOT_APPLICABLE,,"A aquisição possui prazo de entrega física, não prazo de execução; os conceitos foram mantidos separados.","O documento não estabelece prazo de execução. Como prazo distinto, prazo de entrega do objeto: 10 (dez) dias úteis.",NOT_FOUND,DA EXECUCAO
Edital+102150-+149+-+2026+assinado.pdf,d2636fbcd5bbebd1e69af46c5a4206fb1c5202c51f2aa3d07ec3c0226248b5a9,requisitos_habilitacao,FOUND,FOUND,,Decisão preservada na baseline validated_current.,,CONSOLIDATED,
Edital+Credenciamento_OCS-PSA+01-2024.pdf,16f0605ddd124d1b564edc6fa8b261a63a73ad1430ccaeab548d229244126d50,objeto,FOUND,FOUND,,Decisão preservada na baseline validated_current.,,CONSOLIDATED,
Edital+Credenciamento_OCS-PSA+01-2024.pdf,16f0605ddd124d1b564edc6fa8b261a63a73ad1430ccaeab548d229244126d50,modalidade,FOUND,FOUND,,Decisão preservada na baseline validated_current.,,CONSOLIDATED,
Edital+Credenciamento_OCS-PSA+01-2024.pdf,16f0605ddd124d1b564edc6fa8b261a63a73ad1430ccaeab548d229244126d50,valor_estimado,CONTEXT_DEPENDENT,FIELD_VARIABLE_BY_ITEM,,"Os valores estão distribuídos por item, lote ou tabela; não foi calculado total artificial.","O documento não apresenta um único valor global; os valores variam por item, lote ou tabela.",NOT_FOUND,VALOR ESTIMADO
Edital+Credenciamento_OCS-PSA+01-2024.pdf,16f0605ddd124d1b564edc6fa8b261a63a73ad1430ccaeab548d229244126d50,prazo_entrega_proposta,FOUND,FOUND,,Novo candidato local validado nas três fontes de produção.,60 dias,NOT_FOUND,
Edital+Credenciamento_OCS-PSA+01-2024.pdf,16f0605ddd124d1b564edc6fa8b261a63a73ad1430ccaeab548d229244126d50,orgao_responsavel,FOUND,FOUND,,Decisão preservada na baseline validated_current.,,CONSOLIDATED,
Edital+Credenciamento_OCS-PSA+01-2024.pdf,16f0605ddd124d1b564edc6fa8b261a63a73ad1430ccaeab548d229244126d50,uf,FOUND,FOUND,,Decisão preservada na baseline validated_current.,,CONSOLIDATED,
Edital+Credenciamento_OCS-PSA+01-2024.pdf,16f0605ddd124d1b564edc6fa8b261a63a73ad1430ccaeab548d229244126d50,criterio_julgamento,NOT_APPLICABLE,NOT_APPLICABLE,,Credenciamento sem competição não possui critério de julgamento de propostas aplicável.,,NOT_FOUND,
Edital+Credenciamento_OCS-PSA+01-2024.pdf,16f0605ddd124d1b564edc6fa8b261a63a73ad1430ccaeab548d229244126d50,prazo_execucao,NOT_APPLICABLE,NOT_APPLICABLE,,O credenciamento não estabelece prazo único de execução após a varredura integral.,,NOT_FOUND,DO REGIME DE EXECUCAO
Edital+Credenciamento_OCS-PSA+01-2024.pdf,16f0605ddd124d1b564edc6fa8b261a63a73ad1430ccaeab548d229244126d50,requisitos_habilitacao,FOUND,FOUND,,Decisão preservada na baseline validated_current.,,CONSOLIDATED,
Edital+de+Credenciamento+n+001.2026.pdf,c6acf41f4102397c571e72713e3f5df415ba5ea68dc717623e33c3e7fa63c174,objeto,FOUND,FOUND,,Novo candidato local validado nas três fontes de produção.,"Objeto: Credenciamento de Empresas de prestação de serviços em atendimento de especialidades médicas, para complementação diagnóstica e terapêutica, relacionados na tabela de valores, conforme rotina adota pela Secretaria, observando os prazos e procedimentos descritos neste edital.",NOT_FOUND,OBJETO
Edital+de+Credenciamento+n+001.2026.pdf,c6acf41f4102397c571e72713e3f5df415ba5ea68dc717623e33c3e7fa63c174,modalidade,FOUND,FOUND,,Novo candidato local validado nas três fontes de produção.,Procedimento: Credenciamento.,NOT_FOUND,
Edital+de+Credenciamento+n+001.2026.pdf,c6acf41f4102397c571e72713e3f5df415ba5ea68dc717623e33c3e7fa63c174,valor_estimado,FOUND,FOUND,,Novo candidato local validado nas três fontes de produção.,"Valor global estimado: R$ 200.000,00.",NOT_FOUND,
Edital+de+Credenciamento+n+001.2026.pdf,c6acf41f4102397c571e72713e3f5df415ba5ea68dc717623e33c3e7fa63c174,prazo_entrega_proposta,NOT_FOUND,ACTUALLY_ABSENT,,Nenhuma disposição do campo foi encontrada após varredura integral da camada textual.,,NOT_FOUND,
Edital+de+Credenciamento+n+001.2026.pdf,c6acf41f4102397c571e72713e3f5df415ba5ea68dc717623e33c3e7fa63c174,orgao_responsavel,FOUND,FOUND,,Decisão preservada na baseline validated_current.,,CONSOLIDATED,
Edital+de+Credenciamento+n+001.2026.pdf,c6acf41f4102397c571e72713e3f5df415ba5ea68dc717623e33c3e7fa63c174,uf,FOUND,FOUND,,Decisão preservada na baseline validated_current.,,CONSOLIDATED,
Edital+de+Credenciamento+n+001.2026.pdf,c6acf41f4102397c571e72713e3f5df415ba5ea68dc717623e33c3e7fa63c174,criterio_julgamento,NOT_APPLICABLE,NOT_APPLICABLE,,Credenciamento sem competição não possui critério de julgamento de propostas aplicável.,,NOT_FOUND,
Edital+de+Credenciamento+n+001.2026.pdf,c6acf41f4102397c571e72713e3f5df415ba5ea68dc717623e33c3e7fa63c174,prazo_execucao,FOUND,FOUND,,Novo candidato local validado nas três fontes de produção.,A execução ocorre ao longo da vigência contratual; o trecho não fixa prazo numérico independente.,NOT_FOUND,
Edital+de+Credenciamento+n+001.2026.pdf,c6acf41f4102397c571e72713e3f5df415ba5ea68dc717623e33c3e7fa63c174,requisitos_habilitacao,FOUND,FOUND,,Decisão preservada na baseline validated_current.,,CONSOLIDATED,
Edital+e+anexos.pdf,cf9d64be8f5b6005dd50b57bb3912c02d5c26ae99ab4938f90ed5fb0f105f2ff,objeto,FOUND,FOUND,,Decisão preservada na baseline validated_current.,,CONSOLIDATED,
Edital+e+anexos.pdf,cf9d64be8f5b6005dd50b57bb3912c02d5c26ae99ab4938f90ed5fb0f105f2ff,modalidade,FOUND,FOUND,,Decisão preservada na baseline validated_current.,,CONSOLIDATED,
Edital+e+anexos.pdf,cf9d64be8f5b6005dd50b57bb3912c02d5c26ae99ab4938f90ed5fb0f105f2ff,valor_estimado,FOUND,FOUND,,Novo candidato local validado nas três fontes de produção.,"Valor de referência: R$ 449.141,00.",NOT_FOUND,
Edital+e+anexos.pdf,cf9d64be8f5b6005dd50b57bb3912c02d5c26ae99ab4938f90ed5fb0f105f2ff,prazo_entrega_proposta,NOT_APPLICABLE,NOT_APPLICABLE,,"O documento disciplina lances de leilão, não validade de proposta comercial.",,NOT_FOUND,
Edital+e+anexos.pdf,cf9d64be8f5b6005dd50b57bb3912c02d5c26ae99ab4938f90ed5fb0f105f2ff,orgao_responsavel,FOUND,FOUND,,Decisão preservada na baseline validated_current.,,CONSOLIDATED,
Edital+e+anexos.pdf,cf9d64be8f5b6005dd50b57bb3912c02d5c26ae99ab4938f90ed5fb0f105f2ff,uf,FOUND,FOUND,,Decisão preservada na baseline validated_current.,,CONSOLIDATED,
Edital+e+anexos.pdf,cf9d64be8f5b6005dd50b57bb3912c02d5c26ae99ab4938f90ed5fb0f105f2ff,criterio_julgamento,FOUND,FOUND,,Decisão preservada na baseline validated_current.,,CONSOLIDATED,
Edital+e+anexos.pdf,cf9d64be8f5b6005dd50b57bb3912c02d5c26ae99ab4938f90ed5fb0f105f2ff,prazo_execucao,NOT_APPLICABLE,NOT_APPLICABLE,,Leilão de alienação não possui execução contratual do objeto a contratar.,,NOT_FOUND,
Edital+e+anexos.pdf,cf9d64be8f5b6005dd50b57bb3912c02d5c26ae99ab4938f90ed5fb0f105f2ff,requisitos_habilitacao,NOT_FOUND,ACTUALLY_ABSENT,,Nenhuma disposição do campo foi encontrada após varredura integral da camada textual.,,NOT_FOUND,
Edital.pdf,f7463e4e3b5ac2687850a83588cfffb438244a358e73619c871f8ab3611b190c,objeto,FOUND,FOUND,,Decisão preservada na baseline validated_current.,,CONSOLIDATED,
Edital.pdf,f7463e4e3b5ac2687850a83588cfffb438244a358e73619c871f8ab3611b190c,modalidade,FOUND,FOUND,,Novo candidato local validado nas três fontes de produção.,Procedimento: Credenciamento.,NOT_FOUND,
Edital.pdf,f7463e4e3b5ac2687850a83588cfffb438244a358e73619c871f8ab3611b190c,valor_estimado,FOUND,FOUND,,Novo candidato local validado nas três fontes de produção.,"Valor global estimado: R$650.000,00.",NOT_FOUND,
Edital.pdf,f7463e4e3b5ac2687850a83588cfffb438244a358e73619c871f8ab3611b190c,prazo_entrega_proposta,NOT_FOUND,ACTUALLY_ABSENT,,Nenhuma disposição do campo foi encontrada após varredura integral da camada textual.,,NOT_FOUND,
Edital.pdf,f7463e4e3b5ac2687850a83588cfffb438244a358e73619c871f8ab3611b190c,orgao_responsavel,FOUND,FOUND,,Decisão preservada na baseline validated_current.,,CONSOLIDATED,
Edital.pdf,f7463e4e3b5ac2687850a83588cfffb438244a358e73619c871f8ab3611b190c,uf,FOUND,FOUND,,Decisão preservada na baseline validated_current.,,CONSOLIDATED,
Edital.pdf,f7463e4e3b5ac2687850a83588cfffb438244a358e73619c871f8ab3611b190c,criterio_julgamento,NOT_APPLICABLE,NOT_APPLICABLE,,Credenciamento sem competição não possui critério de julgamento de propostas aplicável.,,NOT_FOUND,
Edital.pdf,f7463e4e3b5ac2687850a83588cfffb438244a358e73619c871f8ab3611b190c,prazo_execucao,NOT_APPLICABLE,NOT_APPLICABLE,,O credenciamento não estabelece prazo único de execução após a varredura integral.,,NOT_FOUND,
Edital.pdf,f7463e4e3b5ac2687850a83588cfffb438244a358e73619c871f8ab3611b190c,requisitos_habilitacao,FOUND,FOUND,,Decisão preservada na baseline validated_current.,,CONSOLIDATED,
edital609.pdf,6b421ecc10a1e7fe2fc15a215008dcbee2322078ec20bd749eb9f9c6bd924594,objeto,FOUND,FOUND,,Decisão preservada na baseline validated_current.,,CONSOLIDATED,
edital609.pdf,6b421ecc10a1e7fe2fc15a215008dcbee2322078ec20bd749eb9f9c6bd924594,modalidade,FOUND,FOUND,,Decisão preservada na baseline validated_current.,,CONSOLIDATED,
edital609.pdf,6b421ecc10a1e7fe2fc15a215008dcbee2322078ec20bd749eb9f9c6bd924594,valor_estimado,FOUND,FOUND,,Novo candidato local validado nas três fontes de produção.,"Valor de referência: R$ 2.321.000,00.",NOT_FOUND,DO PRECO
edital609.pdf,6b421ecc10a1e7fe2fc15a215008dcbee2322078ec20bd749eb9f9c6bd924594,prazo_entrega_proposta,NOT_APPLICABLE,NOT_APPLICABLE,,"O documento disciplina lances de leilão, não validade de proposta comercial.",,NOT_FOUND,
edital609.pdf,6b421ecc10a1e7fe2fc15a215008dcbee2322078ec20bd749eb9f9c6bd924594,orgao_responsavel,FOUND,FOUND,,Decisão preservada na baseline validated_current.,,CONSOLIDATED,
edital609.pdf,6b421ecc10a1e7fe2fc15a215008dcbee2322078ec20bd749eb9f9c6bd924594,uf,FOUND,FOUND,,Decisão preservada na baseline validated_current.,,CONSOLIDATED,
edital609.pdf,6b421ecc10a1e7fe2fc15a215008dcbee2322078ec20bd749eb9f9c6bd924594,criterio_julgamento,FOUND,FOUND,,Decisão preservada na baseline validated_current.,,CONSOLIDATED,
edital609.pdf,6b421ecc10a1e7fe2fc15a215008dcbee2322078ec20bd749eb9f9c6bd924594,prazo_execucao,NOT_APPLICABLE,NOT_APPLICABLE,,Leilão de alienação não possui execução contratual do objeto a contratar.,,NOT_FOUND,
edital609.pdf,6b421ecc10a1e7fe2fc15a215008dcbee2322078ec20bd749eb9f9c6bd924594,requisitos_habilitacao,FOUND,FOUND,,Novo candidato local validado nas três fontes de produção.,Requisito de habilitação: 1. Certidão Negativa de Débitos relativos aos tributos federais e à dívida ativa da União;,NOT_FOUND,
edital610.pdf,f9d47a3192edc5a0951deefd6bdd244f6f0c53dde2fdc2a62dcea56a2162f2db,objeto,FOUND,FOUND,,Decisão preservada na baseline validated_current.,,CONSOLIDATED,
edital610.pdf,f9d47a3192edc5a0951deefd6bdd244f6f0c53dde2fdc2a62dcea56a2162f2db,modalidade,FOUND,FOUND,,Decisão preservada na baseline validated_current.,,CONSOLIDATED,
edital610.pdf,f9d47a3192edc5a0951deefd6bdd244f6f0c53dde2fdc2a62dcea56a2162f2db,valor_estimado,FOUND,FOUND,,Novo candidato local validado nas três fontes de produção.,"Valor de referência: R$ 29.195.378,31.",NOT_FOUND,DO PRECO
edital610.pdf,f9d47a3192edc5a0951deefd6bdd244f6f0c53dde2fdc2a62dcea56a2162f2db,prazo_entrega_proposta,NOT_APPLICABLE,NOT_APPLICABLE,,"O documento disciplina lances de leilão, não validade de proposta comercial.",,NOT_FOUND,
edital610.pdf,f9d47a3192edc5a0951deefd6bdd244f6f0c53dde2fdc2a62dcea56a2162f2db,orgao_responsavel,FOUND,FOUND,,Decisão preservada na baseline validated_current.,,CONSOLIDATED,
edital610.pdf,f9d47a3192edc5a0951deefd6bdd244f6f0c53dde2fdc2a62dcea56a2162f2db,uf,FOUND,FOUND,,Decisão preservada na baseline validated_current.,,CONSOLIDATED,
edital610.pdf,f9d47a3192edc5a0951deefd6bdd244f6f0c53dde2fdc2a62dcea56a2162f2db,criterio_julgamento,FOUND,FOUND,,Decisão preservada na baseline validated_current.,,CONSOLIDATED,
edital610.pdf,f9d47a3192edc5a0951deefd6bdd244f6f0c53dde2fdc2a62dcea56a2162f2db,prazo_execucao,NOT_APPLICABLE,NOT_APPLICABLE,,Leilão de alienação não possui execução contratual do objeto a contratar.,,NOT_FOUND,
edital610.pdf,f9d47a3192edc5a0951deefd6bdd244f6f0c53dde2fdc2a62dcea56a2162f2db,requisitos_habilitacao,FOUND,FOUND,,Novo candidato local validado nas três fontes de produção.,Requisito de habilitação: 1. Certidão Negativa de Débitos relativos aos tributos federais e à dívida ativa da União;,NOT_FOUND,
EDITAL_CC006.pdf,e3a260a4e794a222785c34b6da2d7f111e75f333c99e64553b6ff62701800e7f,objeto,FOUND,FOUND,,Decisão preservada na baseline validated_current.,,CONSOLIDATED,
EDITAL_CC006.pdf,e3a260a4e794a222785c34b6da2d7f111e75f333c99e64553b6ff62701800e7f,modalidade,FOUND,FOUND,,Novo candidato local validado nas três fontes de produção.,Modalidade: Concorrência Eletrônica.,NOT_FOUND,
EDITAL_CC006.pdf,e3a260a4e794a222785c34b6da2d7f111e75f333c99e64553b6ff62701800e7f,valor_estimado,FOUND,FOUND,,Novo candidato local validado nas três fontes de produção.,"Orçamento estimado: R$ 874.905,54.",NOT_FOUND,DO PRECO
EDITAL_CC006.pdf,e3a260a4e794a222785c34b6da2d7f111e75f333c99e64553b6ff62701800e7f,prazo_entrega_proposta,FOUND,FOUND,,Decisão preservada na baseline validated_current.,,CONSOLIDATED,
EDITAL_CC006.pdf,e3a260a4e794a222785c34b6da2d7f111e75f333c99e64553b6ff62701800e7f,orgao_responsavel,FOUND,FOUND,,Novo candidato local validado nas três fontes de produção.,PREFEITURA MUNICIPAL DE MASSARANDUBA,NOT_FOUND,
EDITAL_CC006.pdf,e3a260a4e794a222785c34b6da2d7f111e75f333c99e64553b6ff62701800e7f,uf,FOUND,FOUND,,Decisão preservada na baseline validated_current.,,CONSOLIDATED,
EDITAL_CC006.pdf,e3a260a4e794a222785c34b6da2d7f111e75f333c99e64553b6ff62701800e7f,criterio_julgamento,FOUND,FOUND,,Decisão preservada na baseline validated_current.,,CONSOLIDATED,
EDITAL_CC006.pdf,e3a260a4e794a222785c34b6da2d7f111e75f333c99e64553b6ff62701800e7f,prazo_execucao,FOUND,FOUND,,Novo candidato local validado nas três fontes de produção.,Cronograma de execução: início em 5 (cinco) dias; conclusão em 180 (cento e oitenta) dias.,NOT_FOUND,
EDITAL_CC006.pdf,e3a260a4e794a222785c34b6da2d7f111e75f333c99e64553b6ff62701800e7f,requisitos_habilitacao,FOUND,FOUND,,Decisão preservada na baseline validated_current.,,CONSOLIDATED,
EDITAL_DE_CREDENCIAMENTO_004.2025_assinado.pdf,c44dc4318cdfb240ea6a0818d3a1e2ebad0fa317bf1cfdf2603b5719aeb4760f,objeto,FOUND,FOUND,,Novo candidato local validado nas três fontes de produção.,"Objeto: credenciar pessoas Físicas e Jurídicas, para posterior contratação, mediante documentação e pedido de inscrição para prestação de serviços especializados na área da saúde aos usuários do Sistema Único de Saúde - SUS do Município de Bela Vista de Goiás, para fins de atendimento complementar a nível ambulatorial em consultas e procedimentos, em conformidade com a Instrução Normativa n.º 008/2023 TCM/GO e suas alterações posteriores e o Decreto Municipal nº 309/2024.",NOT_FOUND,DO OBJETO
EDITAL_DE_CREDENCIAMENTO_004.2025_assinado.pdf,c44dc4318cdfb240ea6a0818d3a1e2ebad0fa317bf1cfdf2603b5719aeb4760f,modalidade,FOUND,FOUND,,Novo candidato local validado nas três fontes de produção.,Procedimento: Credenciamento.,NOT_FOUND,
EDITAL_DE_CREDENCIAMENTO_004.2025_assinado.pdf,c44dc4318cdfb240ea6a0818d3a1e2ebad0fa317bf1cfdf2603b5719aeb4760f,valor_estimado,CONTEXT_DEPENDENT,FIELD_VARIABLE_BY_ITEM,,"Os valores estão distribuídos por item, lote ou tabela; não foi calculado total artificial.","O documento não apresenta um único valor global; os valores variam por item, lote ou tabela.",NOT_FOUND,
EDITAL_DE_CREDENCIAMENTO_004.2025_assinado.pdf,c44dc4318cdfb240ea6a0818d3a1e2ebad0fa317bf1cfdf2603b5719aeb4760f,prazo_entrega_proposta,NOT_FOUND,ACTUALLY_ABSENT,,Nenhuma disposição do campo foi encontrada após varredura integral da camada textual.,,NOT_FOUND,
EDITAL_DE_CREDENCIAMENTO_004.2025_assinado.pdf,c44dc4318cdfb240ea6a0818d3a1e2ebad0fa317bf1cfdf2603b5719aeb4760f,orgao_responsavel,FOUND,FOUND,,Decisão preservada na baseline validated_current.,,CONSOLIDATED,
EDITAL_DE_CREDENCIAMENTO_004.2025_assinado.pdf,c44dc4318cdfb240ea6a0818d3a1e2ebad0fa317bf1cfdf2603b5719aeb4760f,uf,FOUND,FOUND,,Decisão preservada na baseline validated_current.,,CONSOLIDATED,
EDITAL_DE_CREDENCIAMENTO_004.2025_assinado.pdf,c44dc4318cdfb240ea6a0818d3a1e2ebad0fa317bf1cfdf2603b5719aeb4760f,criterio_julgamento,NOT_APPLICABLE,NOT_APPLICABLE,,Credenciamento sem competição não possui critério de julgamento de propostas aplicável.,,NOT_FOUND,
EDITAL_DE_CREDENCIAMENTO_004.2025_assinado.pdf,c44dc4318cdfb240ea6a0818d3a1e2ebad0fa317bf1cfdf2603b5719aeb4760f,prazo_execucao,NOT_APPLICABLE,NOT_APPLICABLE,,O credenciamento não estabelece prazo único de execução após a varredura integral.,,NOT_FOUND,
EDITAL_DE_CREDENCIAMENTO_004.2025_assinado.pdf,c44dc4318cdfb240ea6a0818d3a1e2ebad0fa317bf1cfdf2603b5719aeb4760f,requisitos_habilitacao,FOUND,FOUND,,Decisão preservada na baseline validated_current.,,CONSOLIDATED,
PE+056-26+-+Proc.+00821-26+-+Aquisicao+equipamento+para+viaturas+-+Rep.pdf,96a7b8ba04dd7e67d27fbbdc9315822f5b492d16d438ffd46ca1ec9c8ec4a16f,objeto,FOUND,FOUND,,Decisão preservada na baseline validated_current.,,CONSOLIDATED,
PE+056-26+-+Proc.+00821-26+-+Aquisicao+equipamento+para+viaturas+-+Rep.pdf,96a7b8ba04dd7e67d27fbbdc9315822f5b492d16d438ffd46ca1ec9c8ec4a16f,modalidade,FOUND,FOUND,,Decisão preservada na baseline validated_current.,,CONSOLIDATED,
PE+056-26+-+Proc.+00821-26+-+Aquisicao+equipamento+para+viaturas+-+Rep.pdf,96a7b8ba04dd7e67d27fbbdc9315822f5b492d16d438ffd46ca1ec9c8ec4a16f,valor_estimado,FOUND,FOUND,,Decisão preservada na baseline validated_current.,,CONSOLIDATED,
PE+056-26+-+Proc.+00821-26+-+Aquisicao+equipamento+para+viaturas+-+Rep.pdf,96a7b8ba04dd7e67d27fbbdc9315822f5b492d16d438ffd46ca1ec9c8ec4a16f,prazo_entrega_proposta,FOUND,FOUND,,Decisão preservada na baseline validated_current.,,CONSOLIDATED,
PE+056-26+-+Proc.+00821-26+-+Aquisicao+equipamento+para+viaturas+-+Rep.pdf,96a7b8ba04dd7e67d27fbbdc9315822f5b492d16d438ffd46ca1ec9c8ec4a16f,orgao_responsavel,FOUND,FOUND,,Decisão preservada na baseline validated_current.,,CONSOLIDATED,
PE+056-26+-+Proc.+00821-26+-+Aquisicao+equipamento+para+viaturas+-+Rep.pdf,96a7b8ba04dd7e67d27fbbdc9315822f5b492d16d438ffd46ca1ec9c8ec4a16f,uf,FOUND,FOUND,,Decisão preservada na baseline validated_current.,,CONSOLIDATED,
PE+056-26+-+Proc.+00821-26+-+Aquisicao+equipamento+para+viaturas+-+Rep.pdf,96a7b8ba04dd7e67d27fbbdc9315822f5b492d16d438ffd46ca1ec9c8ec4a16f,criterio_julgamento,FOUND,FOUND,,Decisão preservada na baseline validated_current.,,CONSOLIDATED,
PE+056-26+-+Proc.+00821-26+-+Aquisicao+equipamento+para+viaturas+-+Rep.pdf,96a7b8ba04dd7e67d27fbbdc9315822f5b492d16d438ffd46ca1ec9c8ec4a16f,prazo_execucao,FOUND,FOUND,,Decisão preservada na baseline validated_current.,,CONSOLIDATED,
PE+056-26+-+Proc.+00821-26+-+Aquisicao+equipamento+para+viaturas+-+Rep.pdf,96a7b8ba04dd7e67d27fbbdc9315822f5b492d16d438ffd46ca1ec9c8ec4a16f,requisitos_habilitacao,FOUND,FOUND,,Decisão preservada na baseline validated_current.,,CONSOLIDATED,
PE+056-26+-+Proc.+00821-26+-+Aquisicao+equipamento+para+viaturas.pdf,38a7a37042070174a455413f84d675303ae27756791d855a1296239d2a0bd26d,objeto,FOUND,FOUND,,Decisão preservada na baseline validated_current.,,CONSOLIDATED,
PE+056-26+-+Proc.+00821-26+-+Aquisicao+equipamento+para+viaturas.pdf,38a7a37042070174a455413f84d675303ae27756791d855a1296239d2a0bd26d,modalidade,FOUND,FOUND,,Decisão preservada na baseline validated_current.,,CONSOLIDATED,
PE+056-26+-+Proc.+00821-26+-+Aquisicao+equipamento+para+viaturas.pdf,38a7a37042070174a455413f84d675303ae27756791d855a1296239d2a0bd26d,valor_estimado,FOUND,FOUND,,Decisão preservada na baseline validated_current.,,CONSOLIDATED,
PE+056-26+-+Proc.+00821-26+-+Aquisicao+equipamento+para+viaturas.pdf,38a7a37042070174a455413f84d675303ae27756791d855a1296239d2a0bd26d,prazo_entrega_proposta,FOUND,FOUND,,Decisão preservada na baseline validated_current.,,CONSOLIDATED,
PE+056-26+-+Proc.+00821-26+-+Aquisicao+equipamento+para+viaturas.pdf,38a7a37042070174a455413f84d675303ae27756791d855a1296239d2a0bd26d,orgao_responsavel,FOUND,FOUND,,Decisão preservada na baseline validated_current.,,CONSOLIDATED,
PE+056-26+-+Proc.+00821-26+-+Aquisicao+equipamento+para+viaturas.pdf,38a7a37042070174a455413f84d675303ae27756791d855a1296239d2a0bd26d,uf,FOUND,FOUND,,Decisão preservada na baseline validated_current.,,CONSOLIDATED,
PE+056-26+-+Proc.+00821-26+-+Aquisicao+equipamento+para+viaturas.pdf,38a7a37042070174a455413f84d675303ae27756791d855a1296239d2a0bd26d,criterio_julgamento,FOUND,FOUND,,Decisão preservada na baseline validated_current.,,CONSOLIDATED,
PE+056-26+-+Proc.+00821-26+-+Aquisicao+equipamento+para+viaturas.pdf,38a7a37042070174a455413f84d675303ae27756791d855a1296239d2a0bd26d,prazo_execucao,FOUND,FOUND,,Decisão preservada na baseline validated_current.,,CONSOLIDATED,
PE+056-26+-+Proc.+00821-26+-+Aquisicao+equipamento+para+viaturas.pdf,38a7a37042070174a455413f84d675303ae27756791d855a1296239d2a0bd26d,requisitos_habilitacao,FOUND,FOUND,,Decisão preservada na baseline validated_current.,,CONSOLIDATED,
